Product Category ID,Category,Sub-Category
FUR001,Furniture,Bookcases
FUR002,Furniture,Chairs
OS006,Office Supplies,Labels
FUR004,Furniture,Tables
OS008,Office Supplies,Storage
FUR003,Furniture,Furnishings
OS002,Office Supplies,Art
TEC004,Technology,Phones
OS003,Office Supplies,Binders
OS001,Office Supplies,Appliances
FUR004,Furniture,Tables
TEC004,Technology,Phones
OS007,Office Supplies,Paper
OS003,Office Supplies,Binders
OS001,Office Supplies,Appliances
OS003,Office Supplies,Binders
OS008,Office Supplies,Storage
OS008,Office Supplies,Storage
OS002,Office Supplies,Art
TEC004,Technology,Phones
OS003,Office Supplies,Binders
OS002,Office Supplies,Art
OS001,Office Supplies,Appliances
FUR002,Furniture,Chairs
FUR004,Furniture,Tables
OS003,Office Supplies,Binders
TEC001,Technology,Accessories
FUR001,Furniture,Bookcases
OS003,Office Supplies,Binders
FUR003,Furniture,Furnishings
OS004,Office Supplies,Envelopes
OS002,Office Supplies,Art
OS003,Office Supplies,Binders
OS002,Office Supplies,Art
OS007,Office Supplies,Paper
TEC004,Technology,Phones
FUR003,Furniture,Furnishings
OS004,Office Supplies,Envelopes
FUR001,Furniture,Bookcases
FUR002,Furniture,Chairs
TEC004,Technology,Phones
TEC004,Technology,Phones
OS008,Office Supplies,Storage
OS008,Office Supplies,Storage
TEC001,Technology,Accessories
OS003,Office Supplies,Binders
OS008,Office Supplies,Storage
TEC001,Technology,Accessories
TEC004,Technology,Phones
OS003,Office Supplies,Binders
OS006,Office Supplies,Labels
FUR003,Furniture,Furnishings
FUR002,Furniture,Chairs
OS005,Office Supplies,Fasteners
TEC004,Technology,Phones
OS008,Office Supplies,Storage
OS007,Office Supplies,Paper
FUR002,Furniture,Chairs
OS007,Office Supplies,Paper
TEC001,Technology,Accessories
OS003,Office Supplies,Binders
OS002,Office Supplies,Art
TEC001,Technology,Accessories
OS003,Office Supplies,Binders
OS007,Office Supplies,Paper
FUR003,Furniture,Furnishings
FUR002,Furniture,Chairs
OS002,Office Supplies,Art
TEC004,Technology,Phones
OS007,Office Supplies,Paper
OS003,Office Supplies,Binders
OS007,Office Supplies,Paper
FUR002,Furniture,Chairs
FUR003,Furniture,Furnishings
OS008,Office Supplies,Storage
OS003,Office Supplies,Binders
FUR003,Furniture,Furnishings
OS008,Office Supplies,Storage
FUR003,Furniture,Furnishings
OS001,Office Supplies,Appliances
OS003,Office Supplies,Binders
OS002,Office Supplies,Art
OS008,Office Supplies,Storage
OS004,Office Supplies,Envelopes
OS008,Office Supplies,Storage
FUR002,Furniture,Chairs
TEC001,Technology,Accessories
OS006,Office Supplies,Labels
OS008,Office Supplies,Storage
OS002,Office Supplies,Art
TEC004,Technology,Phones
OS007,Office Supplies,Paper
OS007,Office Supplies,Paper
FUR003,Furniture,Furnishings
OS003,Office Supplies,Binders
OS003,Office Supplies,Binders
FUR003,Furniture,Furnishings
OS003,Office Supplies,Binders
OS001,Office Supplies,Appliances
OS007,Office Supplies,Paper
TEC001,Technology,Accessories
OS003,Office Supplies,Binders
OS007,Office Supplies,Paper
TEC001,Technology,Accessories
FUR003,Furniture,Furnishings
OS003,Office Supplies,Binders
TEC001,Technology,Accessories
TEC004,Technology,Phones
OS002,Office Supplies,Art
TEC001,Technology,Accessories
FUR003,Furniture,Furnishings
OS002,Office Supplies,Art
OS003,Office Supplies,Binders
OS005,Office Supplies,Fasteners
OS004,Office Supplies,Envelopes
OS007,Office Supplies,Paper
OS004,Office Supplies,Envelopes
FUR004,Furniture,Tables
OS003,Office Supplies,Binders
FUR003,Furniture,Furnishings
OS003,Office Supplies,Binders
OS008,Office Supplies,Storage
OS004,Office Supplies,Envelopes
TEC004,Technology,Phones
FUR002,Furniture,Chairs
FUR004,Furniture,Tables
OS003,Office Supplies,Binders
OS008,Office Supplies,Storage
FUR002,Furniture,Chairs
FUR003,Furniture,Furnishings
TEC004,Technology,Phones
OS007,Office Supplies,Paper
OS005,Office Supplies,Fasteners
OS007,Office Supplies,Paper
OS007,Office Supplies,Paper
OS002,Office Supplies,Art
OS005,Office Supplies,Fasteners
OS003,Office Supplies,Binders
OS009,Office Supplies,Supplies
FUR003,Furniture,Furnishings
FUR003,Furniture,Furnishings
OS002,Office Supplies,Art
OS004,Office Supplies,Envelopes
OS007,Office Supplies,Paper
OS001,Office Supplies,Appliances
OS008,Office Supplies,Storage
FUR003,Furniture,Furnishings
TEC004,Technology,Phones
TEC004,Technology,Phones
FUR002,Furniture,Chairs
OS003,Office Supplies,Binders
OS001,Office Supplies,Appliances
TEC004,Technology,Phones
OS007,Office Supplies,Paper
OS007,Office Supplies,Paper
OS008,Office Supplies,Storage
OS002,Office Supplies,Art
FUR002,Furniture,Chairs
OS006,Office Supplies,Labels
TEC004,Technology,Phones
OS007,Office Supplies,Paper
TEC001,Technology,Accessories
OS004,Office Supplies,Envelopes
OS003,Office Supplies,Binders
OS002,Office Supplies,Art
TEC003,Technology,Machines
OS008,Office Supplies,Storage
FUR002,Furniture,Chairs
OS002,Office Supplies,Art
OS001,Office Supplies,Appliances
TEC004,Technology,Phones
OS007,Office Supplies,Paper
OS007,Office Supplies,Paper
FUR002,Furniture,Chairs
OS001,Office Supplies,Appliances
OS006,Office Supplies,Labels
OS001,Office Supplies,Appliances
FUR002,Furniture,Chairs
OS009,Office Supplies,Supplies
OS002,Office Supplies,Art
OS008,Office Supplies,Storage
TEC001,Technology,Accessories
TEC004,Technology,Phones
TEC004,Technology,Phones
TEC001,Technology,Accessories
OS003,Office Supplies,Binders
TEC001,Technology,Accessories
OS008,Office Supplies,Storage
OS007,Office Supplies,Paper
FUR001,Furniture,Bookcases
TEC004,Technology,Phones
OS007,Office Supplies,Paper
FUR001,Furniture,Bookcases
OS002,Office Supplies,Art
OS004,Office Supplies,Envelopes
OS002,Office Supplies,Art
OS002,Office Supplies,Art
OS008,Office Supplies,Storage
OS003,Office Supplies,Binders
OS007,Office Supplies,Paper
OS007,Office Supplies,Paper
FUR004,Furniture,Tables
OS001,Office Supplies,Appliances
OS001,Office Supplies,Appliances
FUR003,Furniture,Furnishings
TEC004,Technology,Phones
OS008,Office Supplies,Storage
TEC004,Technology,Phones
OS003,Office Supplies,Binders
OS005,Office Supplies,Fasteners
OS008,Office Supplies,Storage
TEC001,Technology,Accessories
OS006,Office Supplies,Labels
FUR001,Furniture,Bookcases
TEC004,Technology,Phones
TEC003,Technology,Machines
TEC001,Technology,Accessories
OS008,Office Supplies,Storage
TEC004,Technology,Phones
OS005,Office Supplies,Fasteners
OS007,Office Supplies,Paper
OS003,Office Supplies,Binders
FUR003,Furniture,Furnishings
TEC003,Technology,Machines
OS002,Office Supplies,Art
OS002,Office Supplies,Art
FUR004,Furniture,Tables
OS008,Office Supplies,Storage
FUR002,Furniture,Chairs
FUR002,Furniture,Chairs
OS003,Office Supplies,Binders
FUR004,Furniture,Tables
FUR004,Furniture,Tables
OS003,Office Supplies,Binders
FUR003,Furniture,Furnishings
TEC001,Technology,Accessories
OS007,Office Supplies,Paper
OS007,Office Supplies,Paper
FUR003,Furniture,Furnishings
FUR003,Furniture,Furnishings
TEC004,Technology,Phones
FUR004,Furniture,Tables
FUR003,Furniture,Furnishings
OS002,Office Supplies,Art
FUR002,Furniture,Chairs
OS008,Office Supplies,Storage
OS007,Office Supplies,Paper
OS001,Office Supplies,Appliances
OS007,Office Supplies,Paper
FUR002,Furniture,Chairs
OS007,Office Supplies,Paper
TEC001,Technology,Accessories
OS008,Office Supplies,Storage
OS004,Office Supplies,Envelopes
FUR003,Furniture,Furnishings
OS008,Office Supplies,Storage
OS008,Office Supplies,Storage
TEC004,Technology,Phones
TEC001,Technology,Accessories
OS008,Office Supplies,Storage
OS003,Office Supplies,Binders
OS001,Office Supplies,Appliances
TEC003,Technology,Machines
TEC003,Technology,Machines
TEC004,Technology,Phones
TEC001,Technology,Accessories
OS002,Office Supplies,Art
OS005,Office Supplies,Fasteners
OS008,Office Supplies,Storage
OS004,Office Supplies,Envelopes
OS008,Office Supplies,Storage
TEC001,Technology,Accessories
FUR003,Furniture,Furnishings
OS003,Office Supplies,Binders
OS007,Office Supplies,Paper
OS002,Office Supplies,Art
OS007,Office Supplies,Paper
OS007,Office Supplies,Paper
OS008,Office Supplies,Storage
OS006,Office Supplies,Labels
OS003,Office Supplies,Binders
TEC004,Technology,Phones
FUR004,Furniture,Tables
OS007,Office Supplies,Paper
TEC001,Technology,Accessories
OS007,Office Supplies,Paper
OS003,Office Supplies,Binders
OS001,Office Supplies,Appliances
OS009,Office Supplies,Supplies
OS005,Office Supplies,Fasteners
OS006,Office Supplies,Labels
TEC001,Technology,Accessories
FUR001,Furniture,Bookcases
FUR003,Furniture,Furnishings
FUR002,Furniture,Chairs
FUR003,Furniture,Furnishings
OS003,Office Supplies,Binders
OS005,Office Supplies,Fasteners
OS007,Office Supplies,Paper
OS008,Office Supplies,Storage
OS007,Office Supplies,Paper
FUR003,Furniture,Furnishings
OS003,Office Supplies,Binders
FUR004,Furniture,Tables
FUR003,Furniture,Furnishings
OS002,Office Supplies,Art
OS003,Office Supplies,Binders
OS002,Office Supplies,Art
OS002,Office Supplies,Art
FUR003,Furniture,Furnishings
FUR002,Furniture,Chairs
FUR003,Furniture,Furnishings
OS006,Office Supplies,Labels
FUR003,Furniture,Furnishings
TEC004,Technology,Phones
OS007,Office Supplies,Paper
OS002,Office Supplies,Art
FUR002,Furniture,Chairs
TEC003,Technology,Machines
TEC004,Technology,Phones
TEC001,Technology,Accessories
OS008,Office Supplies,Storage
OS005,Office Supplies,Fasteners
OS003,Office Supplies,Binders
TEC001,Technology,Accessories
FUR003,Furniture,Furnishings
TEC004,Technology,Phones
OS008,Office Supplies,Storage
FUR002,Furniture,Chairs
OS006,Office Supplies,Labels
OS003,Office Supplies,Binders
TEC004,Technology,Phones
OS003,Office Supplies,Binders
OS003,Office Supplies,Binders
OS003,Office Supplies,Binders
TEC002,Technology,Copiers
OS003,Office Supplies,Binders
OS003,Office Supplies,Binders
FUR004,Furniture,Tables
OS005,Office Supplies,Fasteners
OS002,Office Supplies,Art
OS003,Office Supplies,Binders
OS005,Office Supplies,Fasteners
TEC004,Technology,Phones
OS008,Office Supplies,Storage
TEC004,Technology,Phones
OS002,Office Supplies,Art
OS007,Office Supplies,Paper
OS002,Office Supplies,Art
TEC001,Technology,Accessories
OS007,Office Supplies,Paper
OS003,Office Supplies,Binders
OS007,Office Supplies,Paper
OS003,Office Supplies,Binders
FUR001,Furniture,Bookcases
OS004,Office Supplies,Envelopes
OS002,Office Supplies,Art
OS007,Office Supplies,Paper
OS007,Office Supplies,Paper
OS001,Office Supplies,Appliances
OS006,Office Supplies,Labels
OS006,Office Supplies,Labels
FUR002,Furniture,Chairs
OS002,Office Supplies,Art
FUR003,Furniture,Furnishings
OS008,Office Supplies,Storage
OS003,Office Supplies,Binders
OS009,Office Supplies,Supplies
OS008,Office Supplies,Storage
FUR001,Furniture,Bookcases
OS007,Office Supplies,Paper
OS008,Office Supplies,Storage
OS003,Office Supplies,Binders
TEC001,Technology,Accessories
OS002,Office Supplies,Art
TEC001,Technology,Accessories
OS007,Office Supplies,Paper
FUR004,Furniture,Tables
OS001,Office Supplies,Appliances
OS008,Office Supplies,Storage
OS003,Office Supplies,Binders
OS007,Office Supplies,Paper
OS003,Office Supplies,Binders
TEC001,Technology,Accessories
FUR004,Furniture,Tables
TEC001,Technology,Accessories
TEC003,Technology,Machines
FUR003,Furniture,Furnishings
OS002,Office Supplies,Art
OS003,Office Supplies,Binders
TEC001,Technology,Accessories
TEC004,Technology,Phones
TEC002,Technology,Copiers
OS003,Office Supplies,Binders
OS003,Office Supplies,Binders
OS008,Office Supplies,Storage
OS007,Office Supplies,Paper
OS009,Office Supplies,Supplies
OS008,Office Supplies,Storage
FUR001,Furniture,Bookcases
OS008,Office Supplies,Storage
TEC001,Technology,Accessories
OS007,Office Supplies,Paper
OS002,Office Supplies,Art
OS001,Office Supplies,Appliances
TEC001,Technology,Accessories
TEC002,Technology,Copiers
OS007,Office Supplies,Paper
FUR004,Furniture,Tables
OS007,Office Supplies,Paper
OS006,Office Supplies,Labels
OS007,Office Supplies,Paper
FUR001,Furniture,Bookcases
FUR002,Furniture,Chairs
OS007,Office Supplies,Paper
FUR002,Furniture,Chairs
OS002,Office Supplies,Art
FUR002,Furniture,Chairs
OS007,Office Supplies,Paper
OS002,Office Supplies,Art
OS004,Office Supplies,Envelopes
TEC001,Technology,Accessories
FUR003,Furniture,Furnishings
OS008,Office Supplies,Storage
FUR002,Furniture,Chairs
FUR003,Furniture,Furnishings
OS003,Office Supplies,Binders
TEC003,Technology,Machines
OS002,Office Supplies,Art
OS003,Office Supplies,Binders
TEC001,Technology,Accessories
TEC001,Technology,Accessories
OS008,Office Supplies,Storage
OS008,Office Supplies,Storage
OS003,Office Supplies,Binders
TEC001,Technology,Accessories
TEC003,Technology,Machines
OS007,Office Supplies,Paper
OS007,Office Supplies,Paper
FUR002,Furniture,Chairs
FUR003,Furniture,Furnishings
OS008,Office Supplies,Storage
OS008,Office Supplies,Storage
OS007,Office Supplies,Paper
FUR002,Furniture,Chairs
OS006,Office Supplies,Labels
FUR003,Furniture,Furnishings
OS002,Office Supplies,Art
OS008,Office Supplies,Storage
OS002,Office Supplies,Art
OS002,Office Supplies,Art
OS002,Office Supplies,Art
TEC004,Technology,Phones
FUR004,Furniture,Tables
OS008,Office Supplies,Storage
TEC001,Technology,Accessories
FUR002,Furniture,Chairs
FUR002,Furniture,Chairs
OS004,Office Supplies,Envelopes
OS001,Office Supplies,Appliances
TEC001,Technology,Accessories
OS003,Office Supplies,Binders
FUR003,Furniture,Furnishings
FUR004,Furniture,Tables
OS003,Office Supplies,Binders
OS009,Office Supplies,Supplies
OS001,Office Supplies,Appliances
FUR003,Furniture,Furnishings
FUR001,Furniture,Bookcases
OS003,Office Supplies,Binders
OS007,Office Supplies,Paper
OS008,Office Supplies,Storage
FUR001,Furniture,Bookcases
TEC004,Technology,Phones
OS008,Office Supplies,Storage
OS007,Office Supplies,Paper
OS007,Office Supplies,Paper
TEC004,Technology,Phones
FUR003,Furniture,Furnishings
OS002,Office Supplies,Art
OS008,Office Supplies,Storage
TEC001,Technology,Accessories
OS002,Office Supplies,Art
TEC001,Technology,Accessories
OS006,Office Supplies,Labels
FUR001,Furniture,Bookcases
TEC004,Technology,Phones
TEC004,Technology,Phones
TEC004,Technology,Phones
TEC001,Technology,Accessories
OS002,Office Supplies,Art
OS008,Office Supplies,Storage
OS004,Office Supplies,Envelopes
TEC001,Technology,Accessories
FUR004,Furniture,Tables
OS004,Office Supplies,Envelopes
OS003,Office Supplies,Binders
FUR003,Furniture,Furnishings
FUR002,Furniture,Chairs
FUR003,Furniture,Furnishings
OS003,Office Supplies,Binders
OS003,Office Supplies,Binders
FUR002,Furniture,Chairs
OS003,Office Supplies,Binders
OS007,Office Supplies,Paper
OS003,Office Supplies,Binders
OS002,Office Supplies,Art
OS002,Office Supplies,Art
OS008,Office Supplies,Storage
OS003,Office Supplies,Binders
FUR003,Furniture,Furnishings
TEC001,Technology,Accessories
OS002,Office Supplies,Art
OS002,Office Supplies,Art
OS002,Office Supplies,Art
TEC002,Technology,Copiers
OS008,Office Supplies,Storage
OS007,Office Supplies,Paper
OS008,Office Supplies,Storage
TEC001,Technology,Accessories
OS008,Office Supplies,Storage
OS003,Office Supplies,Binders
FUR004,Furniture,Tables
TEC004,Technology,Phones
TEC001,Technology,Accessories
OS005,Office Supplies,Fasteners
FUR002,Furniture,Chairs
FUR003,Furniture,Furnishings
OS008,Office Supplies,Storage
OS009,Office Supplies,Supplies
OS004,Office Supplies,Envelopes
FUR002,Furniture,Chairs
FUR003,Furniture,Furnishings
TEC004,Technology,Phones
OS003,Office Supplies,Binders
OS008,Office Supplies,Storage
OS003,Office Supplies,Binders
OS003,Office Supplies,Binders
OS001,Office Supplies,Appliances
FUR002,Furniture,Chairs
TEC001,Technology,Accessories
TEC004,Technology,Phones
OS008,Office Supplies,Storage
FUR004,Furniture,Tables
FUR004,Furniture,Tables
OS008,Office Supplies,Storage
OS008,Office Supplies,Storage
OS008,Office Supplies,Storage
TEC004,Technology,Phones
TEC004,Technology,Phones
OS007,Office Supplies,Paper
OS007,Office Supplies,Paper
OS008,Office Supplies,Storage
OS008,Office Supplies,Storage
OS008,Office Supplies,Storage
OS002,Office Supplies,Art
OS002,Office Supplies,Art
OS002,Office Supplies,Art
FUR002,Furniture,Chairs
FUR002,Furniture,Chairs
FUR004,Furniture,Tables
FUR004,Furniture,Tables
FUR001,Furniture,Bookcases
FUR001,Furniture,Bookcases
FUR001,Furniture,Bookcases
OS003,Office Supplies,Binders
OS003,Office Supplies,Binders
OS003,Office Supplies,Binders
FUR003,Furniture,Furnishings
FUR003,Furniture,Furnishings
OS004,Office Supplies,Envelopes
OS004,Office Supplies,Envelopes
OS004,Office Supplies,Envelopes
OS003,Office Supplies,Binders
OS003,Office Supplies,Binders
OS002,Office Supplies,Art
OS002,Office Supplies,Art
OS002,Office Supplies,Art
OS007,Office Supplies,Paper
OS007,Office Supplies,Paper
FUR003,Furniture,Furnishings
FUR003,Furniture,Furnishings
OS004,Office Supplies,Envelopes
OS004,Office Supplies,Envelopes
OS004,Office Supplies,Envelopes
OS008,Office Supplies,Storage
OS008,Office Supplies,Storage
TEC001,Technology,Accessories
TEC001,Technology,Accessories
TEC001,Technology,Accessories
TEC001,Technology,Accessories
TEC004,Technology,Phones
TEC004,Technology,Phones
TEC004,Technology,Phones
OS003,Office Supplies,Binders
OS003,Office Supplies,Binders
OS006,Office Supplies,Labels
OS006,Office Supplies,Labels
FUR002,Furniture,Chairs
FUR002,Furniture,Chairs
FUR002,Furniture,Chairs
OS005,Office Supplies,Fasteners
OS005,Office Supplies,Fasteners
OS008,Office Supplies,Storage
OS008,Office Supplies,Storage
OS008,Office Supplies,Storage
OS007,Office Supplies,Paper
OS007,Office Supplies,Paper
OS007,Office Supplies,Paper
TEC001,Technology,Accessories
TEC001,Technology,Accessories
TEC001,Technology,Accessories
FUR003,Furniture,Furnishings
FUR003,Furniture,Furnishings
FUR003,Furniture,Furnishings
FUR002,Furniture,Chairs
FUR002,Furniture,Chairs
FUR002,Furniture,Chairs
OS002,Office Supplies,Art
OS002,Office Supplies,Art
OS002,Office Supplies,Art
OS007,Office Supplies,Paper
OS007,Office Supplies,Paper
OS007,Office Supplies,Paper
OS007,Office Supplies,Paper
OS007,Office Supplies,Paper
OS007,Office Supplies,Paper
FUR003,Furniture,Furnishings
FUR003,Furniture,Furnishings
FUR003,Furniture,Furnishings
OS008,Office Supplies,Storage
OS008,Office Supplies,Storage
FUR003,Furniture,Furnishings
FUR003,Furniture,Furnishings
FUR003,Furniture,Furnishings
OS001,Office Supplies,Appliances
OS001,Office Supplies,Appliances
OS008,Office Supplies,Storage
OS008,Office Supplies,Storage
OS004,Office Supplies,Envelopes
OS004,Office Supplies,Envelopes
OS004,Office Supplies,Envelopes
OS008,Office Supplies,Storage
OS008,Office Supplies,Storage
FUR002,Furniture,Chairs
FUR002,Furniture,Chairs
FUR002,Furniture,Chairs
TEC001,Technology,Accessories
TEC001,Technology,Accessories
TEC001,Technology,Accessories
OS007,Office Supplies,Paper
OS007,Office Supplies,Paper
OS007,Office Supplies,Paper
OS007,Office Supplies,Paper
OS007,Office Supplies,Paper
OS007,Office Supplies,Paper
OS003,Office Supplies,Binders
OS003,Office Supplies,Binders
FUR003,Furniture,Furnishings
FUR003,Furniture,Furnishings
OS001,Office Supplies,Appliances
OS001,Office Supplies,Appliances
OS007,Office Supplies,Paper
OS007,Office Supplies,Paper
TEC004,Technology,Phones
TEC004,Technology,Phones
TEC004,Technology,Phones
OS002,Office Supplies,Art
OS002,Office Supplies,Art
OS002,Office Supplies,Art
FUR003,Furniture,Furnishings
FUR003,Furniture,Furnishings
OS002,Office Supplies,Art
OS002,Office Supplies,Art
OS002,Office Supplies,Art
OS005,Office Supplies,Fasteners
OS005,Office Supplies,Fasteners
OS004,Office Supplies,Envelopes
OS004,Office Supplies,Envelopes
OS004,Office Supplies,Envelopes
OS004,Office Supplies,Envelopes
OS004,Office Supplies,Envelopes
OS004,Office Supplies,Envelopes
FUR004,Furniture,Tables
FUR004,Furniture,Tables
FUR004,Furniture,Tables
OS003,Office Supplies,Binders
OS003,Office Supplies,Binders
OS003,Office Supplies,Binders
FUR003,Furniture,Furnishings
FUR003,Furniture,Furnishings
OS003,Office Supplies,Binders
OS003,Office Supplies,Binders
OS003,Office Supplies,Binders
TEC004,Technology,Phones
TEC004,Technology,Phones
TEC004,Technology,Phones
FUR004,Furniture,Tables
FUR004,Furniture,Tables
FUR002,Furniture,Chairs
FUR002,Furniture,Chairs
FUR002,Furniture,Chairs
FUR003,Furniture,Furnishings
FUR003,Furniture,Furnishings
FUR003,Furniture,Furnishings
OS007,Office Supplies,Paper
OS007,Office Supplies,Paper
OS007,Office Supplies,Paper
OS007,Office Supplies,Paper
OS002,Office Supplies,Art
OS002,Office Supplies,Art
OS005,Office Supplies,Fasteners
OS005,Office Supplies,Fasteners
OS005,Office Supplies,Fasteners
FUR003,Furniture,Furnishings
FUR003,Furniture,Furnishings
OS004,Office Supplies,Envelopes
OS004,Office Supplies,Envelopes
OS007,Office Supplies,Paper
OS007,Office Supplies,Paper
OS007,Office Supplies,Paper
OS001,Office Supplies,Appliances
OS001,Office Supplies,Appliances
OS008,Office Supplies,Storage
OS008,Office Supplies,Storage
OS008,Office Supplies,Storage
FUR002,Furniture,Chairs
FUR002,Furniture,Chairs
OS007,Office Supplies,Paper
OS007,Office Supplies,Paper
OS008,Office Supplies,Storage
OS008,Office Supplies,Storage
OS008,Office Supplies,Storage
FUR002,Furniture,Chairs
FUR002,Furniture,Chairs
FUR002,Furniture,Chairs
OS002,Office Supplies,Art
OS002,Office Supplies,Art
OS002,Office Supplies,Art
TEC003,Technology,Machines
TEC003,Technology,Machines
TEC003,Technology,Machines
OS002,Office Supplies,Art
OS002,Office Supplies,Art
OS001,Office Supplies,Appliances
OS001,Office Supplies,Appliances
OS001,Office Supplies,Appliances
TEC004,Technology,Phones
TEC004,Technology,Phones
TEC004,Technology,Phones
OS009,Office Supplies,Supplies
OS009,Office Supplies,Supplies
OS009,Office Supplies,Supplies
OS008,Office Supplies,Storage
OS008,Office Supplies,Storage
TEC004,Technology,Phones
TEC004,Technology,Phones
OS003,Office Supplies,Binders
OS003,Office Supplies,Binders
OS003,Office Supplies,Binders
TEC001,Technology,Accessories
TEC001,Technology,Accessories
OS007,Office Supplies,Paper
OS007,Office Supplies,Paper
OS007,Office Supplies,Paper
TEC004,Technology,Phones
TEC004,Technology,Phones
OS007,Office Supplies,Paper
OS007,Office Supplies,Paper
FUR001,Furniture,Bookcases
FUR001,Furniture,Bookcases
FUR001,Furniture,Bookcases
OS002,Office Supplies,Art
OS002,Office Supplies,Art
OS002,Office Supplies,Art
OS002,Office Supplies,Art
OS002,Office Supplies,Art
OS008,Office Supplies,Storage
OS008,Office Supplies,Storage
OS008,Office Supplies,Storage
OS003,Office Supplies,Binders
OS003,Office Supplies,Binders
OS007,Office Supplies,Paper
OS007,Office Supplies,Paper
OS007,Office Supplies,Paper
FUR004,Furniture,Tables
FUR004,Furniture,Tables
OS001,Office Supplies,Appliances
OS001,Office Supplies,Appliances
OS001,Office Supplies,Appliances
FUR003,Furniture,Furnishings
FUR003,Furniture,Furnishings
OS003,Office Supplies,Binders
OS003,Office Supplies,Binders
OS003,Office Supplies,Binders
OS008,Office Supplies,Storage
OS008,Office Supplies,Storage
OS008,Office Supplies,Storage
OS006,Office Supplies,Labels
OS006,Office Supplies,Labels
OS006,Office Supplies,Labels
TEC004,Technology,Phones
TEC004,Technology,Phones
TEC004,Technology,Phones
TEC001,Technology,Accessories
TEC001,Technology,Accessories
OS008,Office Supplies,Storage
OS008,Office Supplies,Storage
OS007,Office Supplies,Paper
OS007,Office Supplies,Paper
OS007,Office Supplies,Paper
FUR003,Furniture,Furnishings
FUR003,Furniture,Furnishings
FUR003,Furniture,Furnishings
OS008,Office Supplies,Storage
OS008,Office Supplies,Storage
FUR002,Furniture,Chairs
FUR002,Furniture,Chairs
FUR002,Furniture,Chairs
FUR002,Furniture,Chairs
OS003,Office Supplies,Binders
OS003,Office Supplies,Binders
FUR004,Furniture,Tables
FUR004,Furniture,Tables
FUR004,Furniture,Tables
FUR004,Furniture,Tables
OS003,Office Supplies,Binders
OS003,Office Supplies,Binders
OS003,Office Supplies,Binders
FUR003,Furniture,Furnishings
FUR003,Furniture,Furnishings
TEC004,Technology,Phones
TEC004,Technology,Phones
FUR004,Furniture,Tables
FUR004,Furniture,Tables
FUR004,Furniture,Tables
OS002,Office Supplies,Art
OS002,Office Supplies,Art
OS002,Office Supplies,Art
FUR002,Furniture,Chairs
FUR002,Furniture,Chairs
FUR002,Furniture,Chairs
OS008,Office Supplies,Storage
OS008,Office Supplies,Storage
OS007,Office Supplies,Paper
OS007,Office Supplies,Paper
FUR002,Furniture,Chairs
FUR002,Furniture,Chairs
OS007,Office Supplies,Paper
OS007,Office Supplies,Paper
OS007,Office Supplies,Paper
FUR003,Furniture,Furnishings
FUR003,Furniture,Furnishings
OS008,Office Supplies,Storage
OS008,Office Supplies,Storage
OS008,Office Supplies,Storage
TEC004,Technology,Phones
TEC004,Technology,Phones
TEC004,Technology,Phones
OS001,Office Supplies,Appliances
OS001,Office Supplies,Appliances
TEC001,Technology,Accessories
TEC001,Technology,Accessories
OS008,Office Supplies,Storage
OS008,Office Supplies,Storage
OS008,Office Supplies,Storage
OS003,Office Supplies,Binders
OS003,Office Supplies,Binders
OS003,Office Supplies,Binders
OS002,Office Supplies,Art
OS002,Office Supplies,Art
OS002,Office Supplies,Art
OS007,Office Supplies,Paper
OS007,Office Supplies,Paper
TEC004,Technology,Phones
TEC004,Technology,Phones
TEC004,Technology,Phones
OS007,Office Supplies,Paper
OS007,Office Supplies,Paper
TEC001,Technology,Accessories
TEC001,Technology,Accessories
TEC001,Technology,Accessories
OS003,Office Supplies,Binders
OS003,Office Supplies,Binders
OS003,Office Supplies,Binders
OS001,Office Supplies,Appliances
OS001,Office Supplies,Appliances
OS001,Office Supplies,Appliances
OS009,Office Supplies,Supplies
OS009,Office Supplies,Supplies
OS009,Office Supplies,Supplies
OS005,Office Supplies,Fasteners
OS005,Office Supplies,Fasteners
OS006,Office Supplies,Labels
OS006,Office Supplies,Labels
OS006,Office Supplies,Labels
TEC001,Technology,Accessories
TEC001,Technology,Accessories
FUR001,Furniture,Bookcases
FUR001,Furniture,Bookcases
FUR004,Furniture,Tables
FUR004,Furniture,Tables
FUR004,Furniture,Tables
FUR003,Furniture,Furnishings
FUR003,Furniture,Furnishings
FUR003,Furniture,Furnishings
OS003,Office Supplies,Binders
OS003,Office Supplies,Binders
OS002,Office Supplies,Art
OS002,Office Supplies,Art
FUR003,Furniture,Furnishings
FUR003,Furniture,Furnishings
FUR003,Furniture,Furnishings
FUR002,Furniture,Chairs
FUR002,Furniture,Chairs
FUR002,Furniture,Chairs
OS006,Office Supplies,Labels
OS006,Office Supplies,Labels
OS006,Office Supplies,Labels
TEC004,Technology,Phones
TEC004,Technology,Phones
TEC004,Technology,Phones
OS007,Office Supplies,Paper
OS007,Office Supplies,Paper
OS007,Office Supplies,Paper
OS002,Office Supplies,Art
OS002,Office Supplies,Art
FUR002,Furniture,Chairs
FUR002,Furniture,Chairs
TEC003,Technology,Machines
TEC003,Technology,Machines
OS008,Office Supplies,Storage
OS008,Office Supplies,Storage
OS008,Office Supplies,Storage
OS005,Office Supplies,Fasteners
OS005,Office Supplies,Fasteners
TEC001,Technology,Accessories
TEC001,Technology,Accessories
OS006,Office Supplies,Labels
OS006,Office Supplies,Labels
OS003,Office Supplies,Binders
OS003,Office Supplies,Binders
OS003,Office Supplies,Binders
OS003,Office Supplies,Binders
OS003,Office Supplies,Binders
FUR004,Furniture,Tables
FUR004,Furniture,Tables
OS005,Office Supplies,Fasteners
OS005,Office Supplies,Fasteners
OS002,Office Supplies,Art
OS002,Office Supplies,Art
OS002,Office Supplies,Art
OS003,Office Supplies,Binders
OS003,Office Supplies,Binders
OS005,Office Supplies,Fasteners
OS005,Office Supplies,Fasteners
TEC004,Technology,Phones
TEC004,Technology,Phones
OS008,Office Supplies,Storage
OS008,Office Supplies,Storage
TEC004,Technology,Phones
TEC004,Technology,Phones
TEC004,Technology,Phones
OS002,Office Supplies,Art
OS002,Office Supplies,Art
OS002,Office Supplies,Art
OS007,Office Supplies,Paper
OS007,Office Supplies,Paper
OS002,Office Supplies,Art
OS002,Office Supplies,Art
OS002,Office Supplies,Art
TEC001,Technology,Accessories
TEC001,Technology,Accessories
TEC001,Technology,Accessories
OS007,Office Supplies,Paper
OS007,Office Supplies,Paper
OS007,Office Supplies,Paper
OS003,Office Supplies,Binders
OS003,Office Supplies,Binders
OS007,Office Supplies,Paper
OS007,Office Supplies,Paper
FUR001,Furniture,Bookcases
FUR001,Furniture,Bookcases
OS007,Office Supplies,Paper
OS007,Office Supplies,Paper
OS001,Office Supplies,Appliances
OS001,Office Supplies,Appliances
OS001,Office Supplies,Appliances
OS006,Office Supplies,Labels
OS006,Office Supplies,Labels
OS003,Office Supplies,Binders
OS003,Office Supplies,Binders
OS009,Office Supplies,Supplies
OS009,Office Supplies,Supplies
OS009,Office Supplies,Supplies
OS008,Office Supplies,Storage
OS008,Office Supplies,Storage
FUR001,Furniture,Bookcases
FUR001,Furniture,Bookcases
FUR001,Furniture,Bookcases
OS007,Office Supplies,Paper
OS007,Office Supplies,Paper
OS007,Office Supplies,Paper
OS003,Office Supplies,Binders
OS003,Office Supplies,Binders
OS002,Office Supplies,Art
OS002,Office Supplies,Art
TEC001,Technology,Accessories
TEC001,Technology,Accessories
FUR004,Furniture,Tables
FUR004,Furniture,Tables
FUR004,Furniture,Tables
OS001,Office Supplies,Appliances
OS001,Office Supplies,Appliances
OS001,Office Supplies,Appliances
OS008,Office Supplies,Storage
OS008,Office Supplies,Storage
TEC001,Technology,Accessories
TEC001,Technology,Accessories
TEC001,Technology,Accessories
TEC001,Technology,Accessories
TEC003,Technology,Machines
TEC003,Technology,Machines
FUR003,Furniture,Furnishings
FUR003,Furniture,Furnishings
OS003,Office Supplies,Binders
OS003,Office Supplies,Binders
TEC004,Technology,Phones
TEC004,Technology,Phones
TEC002,Technology,Copiers
TEC002,Technology,Copiers
TEC002,Technology,Copiers
OS007,Office Supplies,Paper
OS007,Office Supplies,Paper
OS007,Office Supplies,Paper
OS009,Office Supplies,Supplies
OS009,Office Supplies,Supplies
OS008,Office Supplies,Storage
OS008,Office Supplies,Storage
TEC001,Technology,Accessories
TEC001,Technology,Accessories
TEC001,Technology,Accessories
TEC001,Technology,Accessories
OS007,Office Supplies,Paper
OS007,Office Supplies,Paper
OS007,Office Supplies,Paper
FUR004,Furniture,Tables
FUR004,Furniture,Tables
FUR004,Furniture,Tables
OS007,Office Supplies,Paper
OS007,Office Supplies,Paper
OS007,Office Supplies,Paper
OS006,Office Supplies,Labels
OS006,Office Supplies,Labels
OS006,Office Supplies,Labels
OS007,Office Supplies,Paper
OS007,Office Supplies,Paper
FUR002,Furniture,Chairs
FUR002,Furniture,Chairs
OS007,Office Supplies,Paper
OS007,Office Supplies,Paper
OS007,Office Supplies,Paper
FUR002,Furniture,Chairs
FUR002,Furniture,Chairs
OS002,Office Supplies,Art
OS002,Office Supplies,Art
OS002,Office Supplies,Art
FUR002,Furniture,Chairs
FUR002,Furniture,Chairs
OS007,Office Supplies,Paper
OS007,Office Supplies,Paper
OS007,Office Supplies,Paper
OS002,Office Supplies,Art
OS002,Office Supplies,Art
OS002,Office Supplies,Art
OS004,Office Supplies,Envelopes
OS004,Office Supplies,Envelopes
OS004,Office Supplies,Envelopes
FUR003,Furniture,Furnishings
FUR003,Furniture,Furnishings
FUR003,Furniture,Furnishings
OS008,Office Supplies,Storage
OS008,Office Supplies,Storage
FUR002,Furniture,Chairs
FUR002,Furniture,Chairs
OS002,Office Supplies,Art
OS002,Office Supplies,Art
OS002,Office Supplies,Art
TEC001,Technology,Accessories
TEC001,Technology,Accessories
TEC001,Technology,Accessories
TEC001,Technology,Accessories
TEC001,Technology,Accessories
TEC001,Technology,Accessories
OS008,Office Supplies,Storage
OS008,Office Supplies,Storage
OS008,Office Supplies,Storage
FUR002,Furniture,Chairs
FUR002,Furniture,Chairs
OS008,Office Supplies,Storage
OS008,Office Supplies,Storage
OS008,Office Supplies,Storage
OS008,Office Supplies,Storage
OS008,Office Supplies,Storage
OS008,Office Supplies,Storage
FUR002,Furniture,Chairs
FUR002,Furniture,Chairs
FUR002,Furniture,Chairs
OS002,Office Supplies,Art
OS002,Office Supplies,Art
OS002,Office Supplies,Art
OS008,Office Supplies,Storage
OS008,Office Supplies,Storage
OS002,Office Supplies,Art
OS002,Office Supplies,Art
OS002,Office Supplies,Art
OS002,Office Supplies,Art
OS002,Office Supplies,Art
OS002,Office Supplies,Art
OS002,Office Supplies,Art
TEC004,Technology,Phones
TEC004,Technology,Phones
TEC004,Technology,Phones
FUR004,Furniture,Tables
FUR004,Furniture,Tables
FUR002,Furniture,Chairs
FUR002,Furniture,Chairs
OS001,Office Supplies,Appliances
OS001,Office Supplies,Appliances
TEC001,Technology,Accessories
TEC001,Technology,Accessories
FUR004,Furniture,Tables
FUR004,Furniture,Tables
OS003,Office Supplies,Binders
OS003,Office Supplies,Binders
OS003,Office Supplies,Binders
OS009,Office Supplies,Supplies
OS009,Office Supplies,Supplies
OS003,Office Supplies,Binders
OS003,Office Supplies,Binders
OS008,Office Supplies,Storage
OS008,Office Supplies,Storage
TEC004,Technology,Phones
TEC004,Technology,Phones
TEC004,Technology,Phones
TEC004,Technology,Phones
TEC004,Technology,Phones
TEC004,Technology,Phones
OS008,Office Supplies,Storage
OS008,Office Supplies,Storage
OS008,Office Supplies,Storage
TEC001,Technology,Accessories
TEC001,Technology,Accessories
TEC001,Technology,Accessories
TEC001,Technology,Accessories
TEC001,Technology,Accessories
OS006,Office Supplies,Labels
OS006,Office Supplies,Labels
OS006,Office Supplies,Labels
TEC004,Technology,Phones
TEC004,Technology,Phones
OS002,Office Supplies,Art
OS002,Office Supplies,Art
OS004,Office Supplies,Envelopes
OS004,Office Supplies,Envelopes
OS004,Office Supplies,Envelopes
TEC001,Technology,Accessories
TEC001,Technology,Accessories
TEC001,Technology,Accessories
FUR004,Furniture,Tables
FUR004,Furniture,Tables
FUR004,Furniture,Tables
OS003,Office Supplies,Binders
OS003,Office Supplies,Binders
OS003,Office Supplies,Binders
FUR002,Furniture,Chairs
FUR002,Furniture,Chairs
FUR002,Furniture,Chairs
OS003,Office Supplies,Binders
OS003,Office Supplies,Binders
OS003,Office Supplies,Binders
FUR002,Furniture,Chairs
FUR002,Furniture,Chairs
OS003,Office Supplies,Binders
OS003,Office Supplies,Binders
OS002,Office Supplies,Art
OS002,Office Supplies,Art
OS008,Office Supplies,Storage
OS008,Office Supplies,Storage
OS003,Office Supplies,Binders
OS003,Office Supplies,Binders
OS003,Office Supplies,Binders
TEC001,Technology,Accessories
TEC001,Technology,Accessories
TEC002,Technology,Copiers
TEC002,Technology,Copiers
OS008,Office Supplies,Storage
OS008,Office Supplies,Storage
TEC001,Technology,Accessories
TEC001,Technology,Accessories
TEC001,Technology,Accessories
OS008,Office Supplies,Storage
OS008,Office Supplies,Storage
OS003,Office Supplies,Binders
OS003,Office Supplies,Binders
OS003,Office Supplies,Binders
FUR004,Furniture,Tables
FUR004,Furniture,Tables
TEC001,Technology,Accessories
TEC001,Technology,Accessories
TEC001,Technology,Accessories
OS005,Office Supplies,Fasteners
OS005,Office Supplies,Fasteners
FUR002,Furniture,Chairs
FUR002,Furniture,Chairs
OS008,Office Supplies,Storage
OS008,Office Supplies,Storage
OS008,Office Supplies,Storage
OS004,Office Supplies,Envelopes
OS004,Office Supplies,Envelopes
FUR002,Furniture,Chairs
FUR002,Furniture,Chairs
FUR003,Furniture,Furnishings
FUR003,Furniture,Furnishings
FUR003,Furniture,Furnishings
TEC004,Technology,Phones
TEC004,Technology,Phones
TEC004,Technology,Phones
OS003,Office Supplies,Binders
OS003,Office Supplies,Binders
OS003,Office Supplies,Binders
OS003,Office Supplies,Binders
OS003,Office Supplies,Binders
OS001,Office Supplies,Appliances
OS001,Office Supplies,Appliances
TEC001,Technology,Accessories
TEC001,Technology,Accessories
TEC001,Technology,Accessories